{
	"name" : "sucrose",
	"cameras" : [
		{
			"eye":[-0.0009999999999976694,0,-158.74504694320387],
			"at":[-0.0009999999999976694,0,0],
			"up":[0,1,0],
			"fov":45	
		}
	],
	"spheres":[
		{
			"centers":[0,-20,0,-17.32,-10,0,-17.32,10,0,0,20,0,17.32,10,0,17.32,-10,0,0,-40,0,-34.641999999999996,-20,0,-34.641999999999996,20,0,0,40,0,34.64,20,0,34.64,-20,0],
			"radii":[8.819169274622437,8.819169274622437,8.819169274622437,8.819169274622437,8.819169274622437,8.819169274622437,8.819169274622437,8.819169274622437,8.819169274622437,8.819169274622437,8.819169274622437,8.819169274622437]
		}
	],
	"nodes":[
		{
			"sphereIndices" : [0]
		}
	]
}