{
	"name" : "sucrose",
	"cameras" : [
		{
			"eye":[-4.1782235581288765,-0.7338314999999993,-15.158871573710389],
			"at":[-4.1782235581288765,-0.7338314999999993,5.10200203000421],
			"up":[0,1,0],
			"fov":45	
		}
	],
	"spheres":[
		{
			"centers":[-2.919623154855571,-1.3379584999999996,4.599930248170525,-2.932135163222643,-0.5614724999999999,1.908023997408318,-3.8625461250954647,2.1562285,2.247224903026679,-4.907885866991421,2.7342405000000003,4.867222981420839,-5.194847722913164,-0.8811200999999997,4.773916267748734,-7.556959546137761,0.39433650000000037,5.397271654712124,-0.986127090396645,-2.3024725,2.864304392717147,-3.4928586549700014,-3.5303127499999998,5.1740614288125695,-0.5822649822035665,-1.5863991999999998,6.014880436943682,-1.662151114538508,-3.5051552999999998,8.234582127833695,-5.2141115437544165,-2.2807099999999996,7.256222672239408,-4.150062238878656,-1.2368063999999999,3.895063809879317,-4.027748325052318,-0.2198882999999998,2.7523212136665913,-3.8578911042474346,1.19023465,3.293182577440139,-5.0331615590898755,1.48811975,4.219368911127009,-5.127444269988542,0.4445643500000004,5.328539237590614,-6.387666938625998,0.6165751500000005,6.165880037594566,-1.91191563331612,-3.2112744999999996,3.4494751035019204,-2.4488271260983945,-2.6757428999999995,4.771572257923908,-1.442608986795269,-2.69202125,5.936771980522869,-2.3465755224936635,-2.9028563499999995,7.147264021995079,-3.4301886010575506,-3.8186223499999996,6.588633551484949,-4.799320983181858,-3.6392122999999996,7.208359503880866,-4.437523736360795,-2.2189045,3.4872817135797582,-4.972406947735944,-0.26724349999999986,2.1799291370881275,-2.9194376941195,1.2604840000000004,3.858542624544125,-5.955342264912689,1.4633105000000002,3.615824187844407,-4.239995072704858,0.5336165000000005,5.978737317709268,-6.426595850854085,1.6304465000000004,6.545080336675279,-1.396362859954476,-4.157508,3.61733645224752,-2.752939761679124,-3.4027845,2.775005179713294,-3.2203443370506197,-1.1116285000000001,1.1599067971880637,-0.8022840860888394,-3.5829779999999998,5.829779274002588,-2.965654431300748,2.3155300000000003,1.9470404190086466,-2.7800345381964493,-1.9394739999999993,7.444121524326262,-4.687455616070579,3.4062665000000005,4.29105024383459,-3.132754205283506,-4.873929499999999,6.705380363405312,-6.362495956412518,-0.06441699999999946,7.017662962648252,-4.772048874967471,-4.005170499999999,8.232011278348402,-7.774182134054187,-0.5370984999999996,5.394247125905897,-1.5189579672497027,-1.5259865,2.614705152983262,-1.0951966696414976,-0.7930254999999996,6.229773208626112,-1.8974348424070826,-3.013670999999999,9.044097262820356,-5.23658917794267,-1.9325099999999995,6.3492420964720795,-5.519334956467216,-4.248910499999999,6.657744034707235],
			"radii":[0.3001610904254015,0.3001610904254015,0.3001610904254015,0.3001610904254015,0.3001610904254015,0.3001610904254015,0.3001610904254015,0.3001610904254015,0.3001610904254015,0.3001610904254015,0.3001610904254015,0.3001610904254015,0.3001610904254015,0.3001610904254015,0.3001610904254015,0.3001610904254015,0.3001610904254015,0.3001610904254015,0.3001610904254015,0.3001610904254015,0.3001610904254015,0.3001610904254015,0.3001610904254015,0.3001610904254015,0.3001610904254015,0.3001610904254015,0.3001610904254015,0.3001610904254015,0.3001610904254015,0.3001610904254015,0.3001610904254015,0.3001610904254015,0.3001610904254015,0.3001610904254015,0.3001610904254015,0.3001610904254015,0.3001610904254015,0.3001610904254015,0.3001610904254015,0.3001610904254015,0.3001610904254015,0.3001610904254015,0.3001610904254015,0.3001610904254015,0.3001610904254015]
		}
	],
	"nodes":[
		{
			"sphereIndices" : [0]
		}
	]
}